0,1,2,3,4
0.177123495339908,0.009451608900794745,-0.12754617327132736,-0.01856135946033936,-0.07086112001722593
-0.04564769029221616,-0.024543562940035603,-0.10450800742828883,0.01468838270515906,-0.09002561546113352
-0.011680150891859375,0.0675461599911746,0.11877115501403433,-0.07487005808120119,0.11384815632016976
0.1988807362616696,0.1269085393707665,0.016497464567694155,0.1576213721704796,-0.06600706467313447
-0.055154768166899105,-0.09024351186460886,-0.056869735104916656,-0.048571603659246405,-0.011275393917190246
-0.05992219831793941,-0.1086562963802573,-0.028906274605892714,-0.03869101046225406,-0.0024153081838639923
0.04895329227442274,-0.14043404843757137,-0.03821019468839702,0.035118359394357784,0.19786075054050956
-0.1626008127576326,0.10277263752310749,0.14304173101542939,-0.01915407214738635,0.016802389956123858
-0.0339728490243696,0.13118838269613364,0.04501757790061387,0.09620432411433402,-0.0018792874400215542
-0.09800304742771719,0.15387117975559822,-0.03056816720424362,-0.12274168012634337,-0.06699818208330742
-0.12155992218046681,0.11329156276355752,0.006305631121570632,-0.11470312392802207,0.18914247099979165
0.04103859304242117,0.07446918043045979,0.0940633515704058,0.020985650948973894,0.07326990597835278
-0.0703639336168749,0.03812845552009678,-0.12054519295942259,0.052291630695825854,-0.0029314167548277607
-0.018419339375602913,0.038998954332656925,-0.049089551500377276,-0.09901046319054198,0.07516176766152352
-0.012175549834818366,-0.12201242661426015,0.05529260412805839,0.2618243271174578,-0.01932189814761755
0.0067347747270851705,0.06629325912044771,0.0034222702875397527,0.19139374084823632,0.07564094658384178
0.14072495957053047,0.02991278287260516,-0.058040144157590914,0.11634282336656415,0.2321940224057958
-0.09579244805246151,0.14948428010197828,-0.12323633536395824,0.12477458401775927,0.0433428840466899
-0.04245582033304829,-0.12958482944136773,-0.05344081048304489,0.03536583731434509,-0.09739757371751144
-0.01251951741530972,0.10324372615377551,-0.0706753158531475,-0.009375586200976936,-0.018459331237759124
0.03736738242167153,-0.047165810326813135,0.0868913442635046,0.04144527461890249,0.1183662012932093
0.13423194223539756,-0.11238978356839496,-0.11055642053390997,0.010500601553832395,-0.03174417246116852
-0.19203767714770043,0.06705414974554604,-0.0147541186326939,0.03221848727733417,-0.056409556181835234
-0.09224565293763046,0.060079771916993166,-0.2398304848376317,0.019871893884260736,0.03337455894656442
0.17369121244977503,0.19601238074816796,-0.03226681656481167,0.15365283534957186,0.061640795289472264
-0.047290222005045894,-0.04773379718944591,0.03984816001099872,0.015433606799900699,0.16333308241143102
-0.11379379044217947,-0.14665033653024093,-0.012736868097573406,-0.13382740009305666,-0.028355271416152808
-0.11460863275191707,0.016038556540737693,0.1681418250372015,0.09024877008222552,0.24215837018831216
-0.10829133978204847,-0.028985898534647943,-0.15742881736558423,0.05389602824899529,0.08980759418820054
-0.03507177875042502,-0.12983976907137318,-0.059580441201672066,0.025567350364301373,-0.06319102139670894
0.20479936656508557,0.010417660538883756,0.06600833113028379,0.010378424721240814,-0.007008404981862906
0.030030439934227732,0.05769622537785915,-0.05145428234950063,0.04457696593075111,-0.051100172678901816
0.11141269698102751,-0.031573130004259736,0.12175314305742282,-0.10981220543459314,0.04265956189611002
-0.048346990262719505,0.003698216292910311,-0.20295763513962314,-0.16370332424225537,0.041284903381641175
-0.18299265859122277,-0.07681902220939318,0.039632998181694724,-0.17745765892273396,0.21020388326598394
-0.22899192239190433,-0.008698587911379705,0.04551097585766049,-0.03132257957624993,-0.1960950210659952
0.09342479215954151,0.08737408396319324,-0.14316445952297358,0.06540332664125613,0.020399701280103353
-0.07731689776544891,0.06867542406713655,0.029120494587764303,0.10210244645978082,0.09343347573811378
-0.12368262840478975,-0.14178203491042193,0.04335952359814921,0.07684107699514055,-0.014541474224814905
0.14787279248235105,0.2658392860125564,0.11127385495797258,-0.08692899604872859,-0.2769262278564524
0.09916693312747357,-0.09063246217070144,-0.050899099240980406,-0.017589965558628722,-0.0018319829606164306
-0.022810739871980568,0.1536125175826867,-0.07236700970826936,-0.2154133301460408,0.032649078957688225
-0.09245654911287847,8.277940434487636e-05,0.1212062857631032,-0.00754703162706827,0.10257626310818227
0.05446878077215936,-0.1352334149468489,0.1286416296924811,0.06535308807271749,0.04305369990151276
0.20513973237170746,0.02318591998126651,-0.054939220044959824,0.06954677392102657,0.04573066311649691
-0.05740668149822248,-0.018176808978828358,-0.048557890498241926,0.1336132581832938,0.05368247603628358
0.09832148650401953,0.028784547600353094,0.14579468864713627,-0.003454048446697267,-0.02964475701212968
-0.09915148351953626,0.03913827123510504,0.09397729765269426,0.06176186419044736,-0.07970659472884427
0.013922249918569702,-0.2507361095090489,-0.02573792973620613,-0.07276730430042788,-0.1822132137520288
-0.009259612105628152,-0.0918785364788549,0.14223731780429497,0.1312399165837826,0.10648341058019835
46.42419474676638,0.015079545205205158,-4.661415552652546,38.486181697322394,-4.770800942245051
61.292540239750856,0.04829947827329681,-3.0909195029375534,40.95585788300221,-13.00819391060757
78.85547909343776,-0.04499155103985582,0.8431847853078103,43.3331506394917,-20.464076003289122
98.01454135248527,-0.022851642769177595,6.346475404696773,45.25656572693912,-25.096787645755352
116.68258150860065,0.015241652227591128,12.976509591085794,47.280239213686585,-25.83564645184563
131.84460421451283,0.15318624134519962,19.287173606737326,48.76200543786908,-21.98517140238514
141.70983759309394,-0.11636933438707227,25.189016090075015,51.05038548418824,-14.218675226797858
143.48412393076538,-0.06552203413205686,29.756767418033437,53.759964235529516,-3.2527424573100223
135.98166434524612,-0.08706552497459802,32.29195580338389,57.367252607879976,9.022549918764586
118.79279597245298,-0.07886851823173106,32.19841396550001,61.670257981738,20.0520733879515
93.37731265809957,0.1109562734059765,29.270301190250123,65.50618901085413,28.864110430983505
62.44192347583288,-0.03220384942075005,23.25577128651479,68.22402108032902,33.288840366510804
29.752817948134687,-0.004060688673601767,14.706500160857246,68.66423162883888,33.44913543974248
-0.7238597908025284,0.054646230758913866,4.603433514021665,65.95529712428639,29.018807927130574
-25.093692046933437,-0.06958369234614066,-5.868961490825218,58.88000059429534,21.20834418135989
-39.959073894472525,0.12908221477125562,-15.390571175845183,48.24402466699653,11.117803476213847
-44.62180370130546,0.15443866442747942,-22.070138231219705,34.46378878616602,0.7083788303011704
-39.33508042305794,-0.09444515676536694,-24.80205575291512,19.287831639672408,-8.90313436756002
-25.897466462246687,-0.027145682060729606,-23.179378385010374,4.751247911980907,-16.287229663378227
-8.13681378523602,0.04060607733863906,-17.094888664869185,-6.882856030347837,-21.22003135309288
8.952317697151623,0.01726097200993144,-7.348102593669314,-13.948743558799077,-23.901404726263202
21.713249139555167,-0.06558789935289706,4.566956833385684,-15.550437252424661,-24.489084584437947
26.314036968583743,0.0812645797170869,16.496357362624313,-10.716783623053626,-23.99803275866449
20.72601632249279,-0.034112809924000315,26.03075669361138,-1.0780764042368163,-23.112208506399167
5.133601389131338,-0.030303543172184172,31.660459443996864,12.185571140434362,-22.06439428366237
-17.816437187897787,-0.04718163058028468,31.788433403611194,26.467660973410503,-21.212231302406746
-44.94626100809144,0.12881509855343085,26.29390663739799,39.54013150400814,-20.85649697292134
-70.95411607666298,-0.13728049328956196,15.940430381805172,49.65310515821819,-19.96260364850073
-91.23278287696002,0.10981200685615984,2.735534355471433,55.86011610282203,-18.157479429054337
-101.75502881947814,0.061404053106930326,-10.966129101828352,58.25856671883815,-15.871954583343197
-100.34425064247698,-0.016329653945366826,-22.74682845027323,57.963768345313525,-12.3101048083803
-86.71800088411054,0.0497634199839284,-30.238024387604074,57.09993796388882,-8.651112264955058
-63.26526319468229,-0.1099007290545776,-31.665485356766204,57.08870397440045,-5.035104209488336
-33.98889963168343,0.05531777789682543,-27.268093224700095,60.74574906832198,-2.844072488133958
-3.5658591819924537,0.01015955348030215,-17.560741851229682,68.86987001143571,-3.0719220412339534
22.24959572395786,0.03784665922928937,-4.557097212448378,80.86915207914768,-5.979364541565351
39.55305938566003,0.06678567272527729,9.375193209582038,95.64270571544535,-11.92643453194403
45.30359647832629,0.05282999827538997,21.229229143023215,110.39500507701584,-20.250366557964988
39.978425767983225,-0.2563350972680728,28.77688687895657,121.55937661421831,-29.614301901191194
24.01298048238017,0.06783951948704685,30.539266040827613,125.68987522458991,-39.06680193094406
2.468965231079781,-0.07914371088672134,26.20119965107767,120.0142093139883,-46.03900205210591
-20.69869341572204,-0.12192621868382941,16.574221440984118,103.02415689124466,-49.88144280353533
-39.818450477856636,0.04341420156838284,3.551125192957973,75.92197543313998,-49.469648225876604
-50.78894977728651,0.043702082726427754,-10.722653667516962,40.182276247894826,-44.958047957413
-51.27863293657223,-0.023403707501153906,-23.67365081859464,0.1394781605207876,-37.04928989763619
-40.490055655862804,-0.14823010764999486,-33.92612538348965,-39.09322662381586,-28.04146371893962
-20.02911086214201,-0.062193166982000225,-39.41928755189101,-72.67610753362067,-19.199440852137517
5.8844735364394305,0.081998175522696,-40.29239728245389,-95.77585482009371,-14.012823042924639
33.20913889234214,-0.015252919534867338,-37.38420924714609,-105.44123735824047,-13.749299451309943
56.752338578790344,-0.07401660850966782,-32.014937672994186,-100.87166277803307,-19.633586122636043
-0.12899212526737414,-0.14253944059556214,-0.15724808388879638,-0.18427878214406626,-0.005499985787578798
0.00423177295426553,0.03318079937464966,-0.11988401541990273,-0.05128260103351976,0.029966485400764083
-0.08044430726385488,0.005818887110255685,-0.08288130875363577,-0.05048981444570776,0.13180928365970065
-0.001992057213441528,-0.24779814198686526,-0.16115225589797905,0.01222053550668855,0.02758849581270019
-0.05852700764877489,0.06973942275092374,0.055089573099605715,-0.038088491202372,0.1401395655167671
-0.07976003763112355,0.2062304010328321,0.001056111243945755,0.15728856753099904,-0.07455678270076545
-0.13364461673812902,-0.013033568981361968,0.06524092984437165,0.020892449292119915,-0.056742118590789106
-0.02232980315849068,-0.010314910739162119,0.009494676174455277,0.006294006443289706,0.11004003404992853
-0.021250549411078522,-0.1489467915168212,0.11419787485397602,-0.039122277866472766,-0.0686825184499994
-0.014228252626332698,-0.009786090585540353,0.017352312699163645,-0.22014609182199565,-0.012488944835117697
-0.09347846677355699,0.1604793272306695,0.10382118759245614,0.15900381080257087,-0.11432888016163452
-0.1400700531890165,0.013342201212051092,0.10015425649464188,0.06966708822402962,-0.0996722617626759
-0.0910969889786506,-0.05076437632081748,-0.14184308043649,0.09349024607729296,-0.14899862289476867
0.08882234557611852,0.003761151214646283,-0.0051100810764268655,-0.17394202212913748,0.05424753635633211
0.13076392020883534,0.0367177490995099,0.25156801781047416,0.056386350052828216,0.14987085812379145
0.05696093165595683,-0.11526462782091401,0.012297430853511362,-0.08309935889474965,-0.13320633910429655
0.09362464441185062,0.015061848265954728,0.08660201392337145,-0.045583613632320524,0.2057550730972107
0.18076938747016094,-0.19159084261376733,-0.01867385348365488,0.2612322147400862,-0.037058303644753154
-0.18321434379466375,-0.020303359096212753,-0.13360137408527414,-0.1178892218131928,0.031787024855278366
-0.11364932256132627,0.13678268193348908,-0.04915329104778284,0.0004207072997037727,-0.012517002410615083
0.017739242149936423,0.1064647946123444,0.02996312136324322,0.017900111121364522,0.02490216813118669
0.025483351129052034,0.01914137748646304,0.02183052368540138,0.04046548646322586,0.06585579981611382
34.11850300747138,-29.454305911703162,-51.06332889322099,-0.03789175989955997,-49.20896342780986
21.03494878882425,-30.089847031600183,-50.29580275707755,0.054376514777744994,-32.499827710631926
10.623695505962806,-32.68149483813961,-48.899411078949576,0.01792019822334804,-11.614318973813505
4.653302268757244,-36.97061355589348,-45.069458398172095,0.03584449638276157,10.578779930254937
4.412681554384199,-43.100834144873254,-37.190381204793574,0.09886631152641706,32.15285047129783
9.20481950171439,-49.24776525108791,-24.600382056593418,-0.07893131924981145,51.14434832736477
18.32368846123065,-55.86775930450543,-8.596424417641709,-0.09568856212665751,66.82071540020827
30.058353033778655,-61.40351587349405,8.60759111072062,-0.14517869017702448,78.26766048133874
42.27019498308944,-65.99637514260003,24.360167585529805,-0.11324446451390201,85.50278672026695
52.45668116794723,-68.32431812017734,34.94842104561673,-0.056232659518992145,88.85357956598861
59.346194795765086,-68.57707643969566,38.06505567265033,-0.03150729856404618,88.24472338231979
62.633038402587715,-65.58307459653587,32.05670358349103,-0.04215526171536712,84.59603187052933
62.23247916592549,-60.0301319217859,16.862378185928808,-0.06438553944624745,78.34667819405733
60.31676598798024,-50.537341810307275,-5.129626660218515,-0.0706141979136507,70.03860746221511
58.419688299781875,-37.73196339328537,-31.136090659014563,0.00723918003872929,60.31320007609975
59.337036214366776,-21.998472682171567,-56.60212024471264,-0.06871384139604324,50.26203476406574
64.82505227198965,-4.076752381996846,-77.4679196731896,-0.07745358775302535,40.95615514046648
75.1254719008367,14.899844565510977,-90.07485353935044,-0.006875729223468652,33.054637725319175
90.6688926314099,33.364367428426945,-91.98219424258313,0.1536715971358393,27.600120385516703
108.80639452628377,49.616942083648894,-83.16650748397986,0.004959974723009523,24.878379717525732
126.99850072834407,61.99316958918849,-65.37117666273016,-0.12327356125488008,25.262795059892863
141.87749505026594,69.04255601933312,-41.21392623718517,0.056145516650334654,27.80145241341073
150.26626073208107,69.94659598701853,-15.773145941350702,-0.1909041158023632,31.829498175614795
149.59350828285667,63.77598122036043,7.571636102722031,0.08443468349432687,35.7078273100035
139.07546002653973,51.387323979450635,24.973372996505635,-0.005593569123774501,37.29014636079577
119.1104087095935,33.480508125833325,35.12374759144193,-0.1361389945540815,35.60075308036694
91.84312853030438,12.318378857022282,36.72357378807437,0.17565962183770348,29.27611008422547
60.51182823908068,-10.061931215703593,31.939843572632206,-0.1316018780340851,18.1721030409722
29.559495493048583,-31.446460751053916,22.84502455321247,-0.07659301939473728,2.5018723382163435
1.7432463915733811,-50.169335189229315,12.233773242470527,-0.06349399177365049,-15.418012899138743
-19.251279849585305,-64.02066607057233,3.5913616220633293,-0.03915695672611161,-34.23027083339178
-32.17938576273134,-72.26086817050852,-1.5905802801719024,-0.09564315299249135,-50.94127179677723
-37.121872298450405,-74.82064187451321,-1.4720943763498218,-0.08582524584354632,-62.97802011311366
-35.16730244967154,-71.76341899077838,2.420322361479813,0.016760476948013817,-68.67292632863727
-28.80145984463888,-64.18063394191456,9.980166053672791,0.034848299377417645,-66.35989437698885
-20.964122910774925,-53.70731652355346,17.901223366066763,-0.08929364574446534,-57.34285021813198
-13.793899280593525,-41.34865882516892,24.83346214080225,-0.06698342686595839,-41.84800259438034
-9.383924092140305,-29.36297574519948,29.22667418801854,-0.09032029610544116,-23.256141835361294
-8.640300878520106,-18.616082729593785,29.72015676061663,-0.0721135754145487,-4.222329675164297
-10.567166443556479,-9.832874648591762,27.74027976318306,-0.17510720168986016,12.302575406969106
-13.550786795484552,-3.7272271764665463,24.001156448485556,0.07608290268911505,23.454942878051504
-15.733780047763148,-0.22784703580001703,20.79905995263574,-0.13815243158135557,27.689597386948495
-15.197670122401941,0.975098683580549,19.957744294168,-0.06710890689940596,24.661235827446447
-10.916800534751893,-0.05104298644262046,22.904922341837075,-0.03811786337114286,16.02686838485801
-2.533312872809686,-2.1869371091356067,29.856904717432066,-0.24228335931042305,4.123393745715841
8.876993633338962,-5.047480998383931,40.534147125128996,0.20387279568858216,-7.664806325737089
21.098973146492977,-7.860412314386519,52.80923711426919,0.0683569881832924,-16.36886418342005
32.392247473323415,-9.79961023519399,64.4530413845587,0.020601572837172878,-18.79814853476995
40.10326151546819,-10.377697373704866,72.70526923311165,-0.0747626824843714,-13.128988884055683
42.347824451928716,-9.084220349232888,75.393720326869,0.1058959211184773,0.46893146826408655
-0.03749204963854944,-0.0904571765997134,0.11730134304340992,-0.0021185572990668968,-0.0919507755423551
0.0003130952931475213,-0.06714417278479727,-0.015527605796375792,-0.032482769379667514,-0.218677267898178
-0.0269180373894369,-0.1214718479848696,0.10076223608635367,0.026359736437033366,0.04072639115741533
0.03349848887478875,0.04413568234245121,0.10309317230788324,-0.14931871794173565,0.045037316817011785
-0.03229432844200858,0.027423296091060097,0.23533452469744276,0.030856145814329196,-0.007864902051998022
-0.014012917043254981,-0.24943525354572404,0.13695329375080975,-0.12265943211075765,-0.035785236494718924
-0.17587349809555547,0.09945627055452683,0.0667983154111113,-0.004366007720894404,0.05882117965281596
-0.032589415527297064,-0.040504615035821916,-0.0012773664630772018,-0.18748427832222003,0.09150437134852091
0.11831917232644154,-0.0760446502701726,0.09474684863709451,-0.04703547892057714,-0.19439898197146566
0.08395615258112465,-0.1014943611500399,-0.09592701964484227,-0.15308366029441506,0.07677672820876719
-0.06201981358354393,0.07414956867181217,0.05061150571622206,-0.008395610774712469,0.014340851362606658
-0.007917080600060003,0.01625070232974546,0.12458506166425556,-0.08737621913194418,-0.011249253534979492
-0.14029144389079248,-0.0954689668170292,0.028876588020601435,-0.0024889860552928344,0.045635430494967016
0.1736250953933093,0.10919634621753899,-0.02053830297935444,0.06658426634448582,0.014528650048400824
0.02204518459934228,0.01805294082245127,-0.13473690108317254,0.11387507218595416,-0.10564709460460986
-0.02637445027932512,-0.22047018385458297,-0.03235973793698388,0.01444264057230926,-0.04366381487265274
0.05081965291816357,-0.09013337008467316,0.018574733687396285,-0.019444277119678957,0.12201757464838195
0.10199796786175722,-0.06738115892194747,-0.09894579421521228,-0.07573034539502642,-0.09210297219264968
-0.07662751604243484,-0.0806753348360684,0.09048474278657372,-0.01145203072350356,0.14428597074174074
0.01310896577668102,-0.03103295606419562,-0.17257477940666058,-0.07721156275209562,-0.13909022420578385
0.048847688880658796,-0.10877515340151225,0.15430208542722998,-0.18444266550484345,0.06287032019933893
0.00800586398407907,0.01784187766359575,0.06106965415156415,-0.024326605563964654,-0.02441485579198524
-0.17293623743322875,0.0839801770254398,0.12518907544322758,0.04099673060167223,0.10662969199156427
-0.1996000022513461,0.17146252689341326,0.013415897941904101,-0.0020292995599083437,0.04152485227983685
-0.13161702403819117,0.08677209681104914,0.04753708540565746,0.16916842922969552,-0.034518738029290334
0.0271827826521312,0.13960787224785012,0.006468686458366671,-0.06354666399755278,-0.1377332968024436
0.07573522860891464,0.027282739765458225,-0.14907673349086153,-0.02672964919731721,-0.07020632579887286
0.04232717317309254,-0.10175054289356766,0.01660288394633612,-0.16554824271743068,0.059180471155746296
0.03248464190057549,0.1366656452593053,0.06517227508917117,0.07330135725374441,-0.07141439512507763
0.10390427998340449,0.05651361342382192,0.038970499510444914,-0.09937822699310789,-0.003209133316268731
-0.09437049258410916,-0.10983081105772091,0.18669121247553078,-0.05783483650018857,-0.09317378673779114
0.0042219258771502574,0.050326741949171694,0.09763855663093597,0.02114001691565088,0.011233602653574483
-0.18684312007996612,-0.18362712035032222,0.1110840550475806,0.18016731988964996,0.009145145868653143
-0.009009074350891313,0.20635476398943642,-0.10057681673985026,-0.2013676926543334,0.21061177644755952
-0.12964698516894455,0.09412144703780523,-0.07726055792897137,0.03537153064049743,0.1804453074730974
0.08005790377657739,0.06627990725795867,0.22810636548226648,-0.03280966093558454,-0.19583551862072288
-0.15099856307741122,-0.017305836940698913,0.09198331498796294,-0.13620918149927905,-0.05248072362068032
0.018978893157497255,-0.10428450128045713,0.04602026227874287,-0.03453076631302586,-0.020406347192440145
0.09468881619516194,0.06978739700262541,0.07160969219256626,-0.014471884807717723,0.03808875008019519
-0.009995813591713143,0.14763955380765056,0.093624051490165,-0.04031147386206149,0.14939766246594485
0.017703064614399883,-0.06869880086277108,-0.1822718747654329,-0.11705601552774013,-0.15084824366393995
-0.04770573958022711,0.23171966215473053,-0.23491480182192925,-0.04305110675159441,-0.171468973392081
0.13803907047038008,-0.025357120324206835,0.028705605620163124,0.08668488721183563,0.0456687513765173
-0.14097789255039017,-0.06606313691172046,-0.06450563931609594,0.020401642219873124,-0.11419805954659223
-0.10738775754154653,0.010905662265115662,0.017238762160791957,-0.19224808804545215,-0.1693089087667511
-0.006551352854454831,0.02367995054363907,0.03916062321217109,0.0034664995795897612,0.09350501281818065
-0.051861258185155995,-0.013919016911058133,0.1501976605665371,-0.1546283588922644,0.16365057236481395
-0.0603266522849365,0.08793206397133396,-0.08789910321798415,-0.14499037207113558,-0.12338094721293512
0.018244151401590785,0.13525827944497537,0.0711774975230615,-0.1409575296627209,0.1030051417861122
-0.14805307376108676,-0.002442715701017993,-0.03152064020068372,-0.10342593979491549,0.02293776405686809
-0.05117208015283925,-0.12736902352420865,-0.05498838356115631,0.12985536059243383,0.23447924693325498
0.2422147725769047,-0.011814974439431407,-0.09172525527673674,-0.1312256466178713,0.07861061906213866
0.07549857502934088,0.06770167937755987,-0.14354127499401606,-0.0809741931940074,-0.11009028118396905
0.08221501588189639,-0.13213616590512842,-0.06962499473283208,-0.026476265872416322,-0.02097733801667918
0.09315959376459497,-0.16059019993855103,0.028675318043373407,0.08387506232927278,-0.045313285099757065
-0.0708450087955065,-0.0949332918783004,0.05381700008630465,0.018712656525396745,0.06824089302147168
-0.03158734418151135,0.14608515130983687,0.017941548141278928,0.07475299965353954,0.016017495925101242
-0.0031797437934497196,0.06868085589275684,0.08884289449038371,0.18274374356162565,-0.1707640884250331
33.790876265942856,-0.22719476238255265,-51.341331248391086,-35.06998470279801,-49.23348599805689
20.98247935943661,0.15658407178982034,-50.28633641276899,-21.49898893846125,-32.51401779874128
10.740864373605527,0.15354597295476058,-48.86153738943944,-9.739541206788997,-11.662872699731219
4.841527879548883,-0.17353737882117692,-44.94743090740799,-0.3431567589084978,10.934610454521083
4.333357111730734,0.055097413362745866,-37.00781769452441,6.124749213554165,32.19330369791751
9.093225468036861,0.056852066028240666,-24.73826131347738,10.778635107587087,51.48831562173016
18.34646708143273,-0.0020323746289868695,-8.586950768159495,14.115090104795376,66.79151927468811
30.20607174748871,0.030349149543304296,8.646430883275558,17.515499317487386,78.32528625418004
42.31465719128387,0.13199088041362328,24.096404698142294,21.712410542383317,85.68529741022593
52.37444519044763,0.0871362646612282,34.7595597236527,26.450043005080737,88.74699865116632
59.29764881482638,0.12926258753460046,38.11959085048721,31.52690713647952,88.16819165344238
62.347074302304115,-0.011802766807415368,32.043099768408894,35.545909871549725,84.64792932853877
62.00911244209873,-0.07472836529586155,17.01539189399636,38.020042465182115,78.26558418294913
60.41091430091557,0.2644116965425825,-5.1284814206888445,37.57357882235871,69.92343585431833
58.47352522524393,-0.1938318300576629,-31.205462238349536,33.5004423882452,60.16994304678844
59.56932181945663,0.08790951877334684,-56.843699416186276,26.723760916224922,50.25146507764775
64.72779427632464,0.0810016886836848,-77.52035804740733,18.043042988761382,40.89311637371699
75.17267259403722,0.042255948293357236,-90.03338327845246,9.383243431421485,33.0868874117676
90.6741400190549,-0.006592408725103221,-91.7515794524966,2.4177431709627264,27.653901557706103
108.9088858706906,-0.04449620308051436,-83.14310451210724,-1.6122380830927208,24.861063481296803
126.9294611841974,-0.11578824496801086,-65.34176651586976,-1.6582768398797318,25.318341333343586
141.99833467349285,0.019377766117280176,-41.495953397485245,2.6349823430186263,28.020586551520296
150.34982894330795,0.1018196914741753,-15.761816672184077,9.869715666024492,31.85575901531478
149.72059061318473,0.036090951005897105,7.239529829609502,18.341080261553156,35.431732674482845
139.23433370494377,0.020642833518400783,25.03379593625628,26.175986241018467,37.323685499928935
119.14237635925092,0.22838278003850243,34.99365725517163,30.95092801779721,35.31847407041395
91.82835409421517,0.029959204583260818,36.8379432490284,31.417540969360072,28.99586636253595
60.69412777924631,0.04059007828503093,32.07604587962195,27.147713496449732,17.918526880053236
29.248774245721656,0.17736938726422224,22.594138380394384,18.440802435118734,2.560014969077161
1.6339560160705482,0.05081816271966019,12.366002655253627,6.9501595028424,-15.570897922152753
-19.345225874871577,0.06479041149082469,3.728479354358632,-5.807854169403392,-34.215722640290714
-32.58896961788861,-0.08717799149909299,-1.4695739264904555,-17.103846372207457,-50.94900172047937
-37.23040100819244,0.034318917845774594,-1.546077501916062,-25.36976085481624,-62.756590938270115
-35.11565622621638,-0.1100733373503793,2.501180146567536,-29.79588900301728,-68.57881221876637
-28.690481808417427,-0.039092132197289575,9.66146926073664,-30.849812963215392,-66.60096969160826
-20.933337307467667,0.16199962441907542,17.85429703883647,-28.88108319850274,-57.34191533062256
-13.947163516939542,0.037787070471820956,24.82557498394867,-26.465944281198457,-42.13144287838643
-9.594674281020508,0.019692402690682728,28.77517352130559,-24.610157192273803,-23.23327348161582
-8.48861901990824,-0.1430309147565487,29.751793654788653,-25.473081623941376,-4.20422865721581
-10.516043912466564,0.007264252602898486,27.719419101375895,-29.489053229104115,12.212047497984972
-13.354196082928375,0.09564879489776511,24.09823947945123,-36.08415911616344,23.38719402287019
-15.485613031559602,0.23543141089301872,20.840605306672682,-44.209887094149806,27.45305170702457
-15.270166584948866,-0.05731920908249047,19.939611932609186,-51.946672017082115,24.71664354456367
-11.023588398246952,-0.039522208295983144,22.784675595703845,-57.26995636644671,16.044697106382124
-2.6027114558255455,0.10670189127740502,29.819300580230294,-58.66937498114165,3.9372353949547887
8.953017322420301,0.10959873525670671,40.60603424239282,-55.20295947694868,-7.780748559713673
21.30910756783678,-0.04562563185442098,52.93562400479787,-48.032548661738595,-16.39263634149472
32.324462779627304,0.06202627449486092,64.36227481372077,-38.7436645939108,-18.85554499884765
40.13597194530845,-0.07004013515235791,72.70745767339962,-29.90202942231434,-13.09525415090464
42.165172077979726,-0.020383426422405176,75.43391690068007,-24.419470019345223,0.39597325767563596
0.09372955991841456,-0.03621122822688222,-0.040216753429854674,-0.15921240325229877,0.14452549663095934
-0.10818244209874264,0.03857109549800056,-0.10053996193849153,0.1316892170861249,0.020713795661732187
0.013834404462911114,0.0630845593855288,-0.049578226514524884,-0.019289218428410207,-0.08768557005701828
0.0819626673376529,-0.021124682988810803,-0.02529230415696649,-0.07723931429729813,-0.09158005978507855
0.011637290990275256,0.029108989056307558,-0.011279986839496764,0.13204663798585922,0.02428895457719732
-0.025401563546952943,-0.1409963240193562,0.03013005136613995,0.07112595554695048,-0.042485859653158015
-0.033868261921001494,0.06233716199642293,-0.042432741337710154,-0.03555619326231035,0.08919942281105302
-0.11068350876414146,-0.04383654056778394,-0.07455767569110555,-0.08018145973869735,-0.1607655356102516
-0.1260926577987674,0.029137634376927925,0.034540398306465624,-0.04810420267483365,0.20082028664080692
-0.07512095947155473,-0.008663516209775986,-0.19507255756937053,-0.06928032382795854,-0.023855721738808372
0.07601375274250027,0.06636519053423262,0.03551118849486941,-0.05544353227377882,0.05671963691160237
-0.09843430686429758,0.06555185433343294,0.14125423030446424,-0.05946165250569005,-0.03023794593571191
-0.02827637977178862,0.08471735785352011,0.03259500484345257,0.01022945337774771,0.06516265120835556
-0.0523848782275069,0.03746636564972467,0.029465463366151495,0.05754930300121484,-0.05018544351366418
-0.05227593134667688,-0.12667472280066408,-0.1327361486032694,0.012014739704026972,-0.045262092853999736
-0.26448345834576625,0.07938874029953871,-0.15217791569496497,-0.02910254590625841,-0.19038344914064645
0.0628782516879811,-0.11769341129221729,-0.027897843683028497,0.06970107209572884,-0.13207915423685382
-0.04090690599435425,-0.18611829095098006,-0.03794492353169995,-0.0478109188152413,0.044978491503014646
0.08024055694585296,-0.054058523620747284,-0.042639117889899304,0.04165024437082661,0.056923157600879286
0.09417647782096411,0.11009609926168958,0.12529211424857506,0.08768011671055742,-0.027971951102379673
0.18309126836410802,0.13675758498918236,-0.035446761432907974,-0.07811166821377252,0.06627228823133248
0.10890646552002903,0.04266791609116054,0.0008234957571442855,0.08111410047748213,-0.12481370260095273
-0.23350194193965246,-0.1716285670782897,-0.06781779309503363,0.04119699048290156,-0.12061275215976347
0.04199397124423482,-0.1279791676599112,-0.13132718752263722,-0.0818807947415899,0.052784510382386275
-0.005323208331885853,-0.13023718012229876,0.16026155569592582,0.06580188757456105,0.11265158457439023
-0.0002861766436724772,-0.03323358962320127,-0.08008013210422642,-0.041478172031058046,0.021316607041781243
-0.11082312254573207,0.12314144109468768,-0.017685578031328957,-0.10459197742990703,0.16239057166490417
0.03094266036672972,0.046121675069399515,-0.11287467380512567,-0.006903879343592017,0.0649540473998479
0.09690806560097433,-0.07370231844007855,0.1701339771697528,-0.07080242505647666,-0.013809513861021375
-0.009649815101803629,0.23792371275408716,0.09800028322656419,-0.08106227494829815,-0.05817004519157302
33.96535970059626,-141.1822429353899,-50.96999182465474,-68.21207533701646,-49.05368109522891
21.121505730585838,-139.18684730789718,-50.32562460018844,-36.71594491479896,-32.5396694711437
10.655930602798879,-124.75299958379804,-49.0785068460116,-6.032811412302921,-11.644080755531416
4.852668731698615,-100.1324006991974,-45.23034001823094,18.277570658614717,10.793798024896963
4.160474592004464,-67.84504948627828,-37.004474165033045,31.139905466910378,32.20628359814211
8.94238451333224,-33.137697599756834,-24.441430757268485,31.294475132967403,51.23028060808996
18.357126281186947,-0.9393127005733128,-8.55193046676659,19.98397688249306,66.6856092004639
30.05518346496367,23.648564953589652,8.674829384578626,0.43929800740770975,78.31507006350589
42.24100069746999,37.64073472712445,24.397121880612072,-22.113891487505057,85.43951361845996
52.48150759212086,38.99177783363074,34.90520670298807,-41.68540271130649,88.58439988677804
59.37906815904163,28.633445371409877,37.78987806182315,-54.08772391125408,88.06816161337642
62.5019804041759,8.393811541273209,32.13445338642264,-56.48985762199375,84.627824215897
62.13474738084752,-17.007988978502826,16.949835106255826,-48.8864697564328,78.18679564357868
60.07132652047325,-42.631053736302306,-5.366779150945844,-33.500449524406086,69.87552422599582
58.38385499853096,-63.64163400353113,-31.34790911221228,-14.408320407207627,60.33602745401592
59.43611450672209,-75.8255022273156,-56.83327853164507,3.7012961703280376,50.210543347856344
64.76804378327502,-76.83909949313455,-77.3403630290211,16.036152631795176,40.902270031826376
75.37864505034804,-66.12779144386334,-89.9203578672132,19.627699406857754,32.92255037986861
90.65271005948699,-45.18640050780908,-91.84364790137566,13.595397032137159,27.785473591262377
108.97143455294538,-17.883048582139434,-83.06533536168581,-0.4476852809292909,24.954810679831546
127.07814748606246,11.685210668405327,-65.16359639747905,-19.146307315224956,25.316635414354646
142.0027461027223,38.04424535065709,-41.525682107297065,-38.07828370781971,27.718232595372562
150.30237675719633,57.1547262479185,-16.02953506001334,-52.39979836062685,31.831669215884506
149.71296232218188,66.7703064045206,7.384286325020096,-59.00417017916168,35.47221039060315
138.96276695574335,65.29959798312974,25.124349347432304,-56.16804959107176,37.10793532985948
119.40599632222116,54.112375747567924,34.917377287100194,-44.47166317946968,35.48939250312804
91.81751241756787,35.38599701794935,37.00219288679676,-26.61296441533438,29.181852961930954
60.82250751205478,13.182918070868618,31.865369046953536,-6.63133428286765,18.026668626037733
29.223280427500747,-8.159102869245597,22.6765263434358,11.207134659085494,2.4871301745101113
1.8011565961543188,-25.564043419209654,12.318619563828427,22.59077743347956,-15.479894335281218
-19.440069931117247,-36.10456279625132,3.5969054363114767,25.91200856476809,-34.14037932489819
-32.53569664644014,-38.39694391116811,-1.6427195114943982,20.38493390791787,-50.91577009178132
-37.181673756691715,-33.70111931455383,-1.8015866955037483,8.420281600525872,-63.01349883222329
-35.09658272770161,-23.86371803998681,2.551431314812954,-6.5559699831157845,-68.45527050619062
-28.902767988704415,-11.544362275897065,9.764840007861869,-20.648000100110536,-66.6169351616787
-20.92931110478002,-0.28506152466858314,17.86647664376553,-29.234423522246566,-57.24766503516508
-13.839506197898256,6.427865804971594,24.95786856610839,-30.18051240753118,-42.03245547028705
-9.437728895354658,6.874919975376384,29.111439617984043,-22.229280471663685,-23.337945833787305
-8.742017678176957,0.17121314081657127,29.792440274961855,-6.280685075713132,-4.175165974167984
-10.50143713309868,-13.152129984430804,27.712775797454878,14.786339957722271,12.157951247301458
-13.298282903033172,-31.208756027121797,24.079698689145747,36.52953550159596,23.244903029872447
-15.721304135418036,-51.247919262864144,20.653316407484155,54.403648068011826,27.622850692327603
-15.130127628035472,-69.74068353682195,19.893824819653602,66.04029106653692,24.739365054943132
-10.945023601268488,-83.85096242605374,22.736342518117684,68.22969912581495,16.30933873331083
-2.564940262265788,-91.85047824721462,29.869562863931705,61.606384905175275,4.213983405543322
8.734617545499685,-91.939305101444,40.43159656318581,47.6216262012402,-7.926290327794009
21.18061255613098,-84.79229540922204,52.42208818003783,29.064188822102647,-16.452865441560924
32.51843917750696,-71.59491891829666,64.32591202764804,10.335158292024712,-18.634213638171772
39.99890563924305,-54.89964430547273,72.6224020813098,-5.938783483800828,-13.250385198224876
42.233271569929826,-36.88466922077904,75.5333413462705,-17.269169040939367,0.49840149264834344
0.08909496350058854,0.0804577957488487,0.17993193853942271,-0.003010024918253218,-0.013930189699735635
0.10845410559418717,-0.08014252294335067,0.10853060506300678,-0.1675186963622688,-0.011150910682364679
-0.08332329897105567,0.042366265720673965,-0.031730625102736,-0.0024539110226692033,-0.20517359751837702
0.11087228695035034,0.17549488473910277,-0.026080964101872845,-0.01336905621222316,-0.050557184899335694
0.07208208689506826,0.06947575185280154,0.09141655736677251,-0.15578882674113473,-0.04327595341736549
0.14273207229528323,0.09850888485504927,-0.11664566157882246,0.03584981472573879,0.3116431112421837
0.0997466728255622,0.060104008545905786,0.06944443656970627,-0.07101769153906254,-0.06103916949901614
-0.018258610547405938,0.022287187281632558,0.12556385712690443,-0.017591815420088735,0.01866847321274105
0.02753021327896454,0.015023427333103804,0.13115520883371568,0.07217552039814798,0.013759860955926765
-0.1369662338434093,0.13815492570951993,0.07373212572474068,-0.0370301372514003,-0.035843764310451706
0.050095280275691684,0.20272185402877227,-0.04798402787772366,0.14584537110635384,0.06025712797033366
-0.0064529931161229105,-0.016876130145632183,-0.0009178183262786666,-0.17554888632660934,-0.15117179054041102
0.0628267632456854,0.061029389401664594,-0.103222981371886,-0.11497381196417776,0.29701207741938024
0.08454576816597337,0.13781024614415574,0.21823208492500987,-0.11592924063591795,-0.16750273675197863
0.05319422455765216,0.20826185555076415,-0.06608725973123834,-0.1504058639315069,-0.0819743227026538
0.17596911164448142,-0.14584965574708503,-0.04433537421174108,-0.08323702159426763,0.15324808141495827
0.1645715745093274,0.10212083443675496,0.1360286776276208,-0.011489562250548637,-0.15398506435639617
0.0405957186225785,0.11009574123828098,0.004358484943866966,0.011785852591365768,-0.2322824966119361
0.024413105686301933,-0.04811640005616167,0.17446656420250753,0.2090560628280728,-0.10188611149391798
0.062310531218558445,0.10110067745457013,-0.18066053986228908,0.10596011178028848,-0.06172585013857584
46.49530657304476,-31.47340004771565,-4.493649493747096,38.70732985196028,-31.545949834065933
61.24977756644232,-21.44413260166454,-3.0313006959585334,40.86814985359751,-21.43998281708673
78.8674355056287,-10.486908576271347,0.7584774559319215,43.29000327407864,-10.738681794284558
97.95001929443,-0.21758132459113644,6.498072572888345,45.376779274974396,-0.052962709310598946
116.5918091309027,8.971988219506109,12.922003350777874,46.961715683372105,8.76318817848293
132.0843567129571,16.030951469276175,19.378923458344644,49.00852053540706,15.840390673433719
141.8971339358085,20.835518853372875,25.202010511219335,51.01973307110416,20.91932276821778
143.57477036493987,24.192295021079442,29.78841315812295,53.807840369530425,24.15685471108127
135.87586202758922,26.47353415863239,32.2502382598502,57.61926908194544,26.438686861118278
118.68117195447576,28.000967834145516,31.989930787789874,61.60646321731324,28.06536146162787
93.3432492781411,29.795441676334118,29.2123811068013,65.73748681409525,29.733140221374775
62.49801428344886,32.22442205840059,23.244796047571263,68.19525301287999,32.31671569293477
29.851111475870017,34.875350482629706,14.509682881862542,68.64587368998825,35.00945755205462
-0.546536097975377,37.85467821825698,4.805717664922719,65.83724801463407,37.655379413845694
-24.751873139870323,40.33990361767059,-5.811600076270841,58.84736516212587,40.3455091876789
-40.03170033249475,41.39444920904401,-15.178889171597449,48.18784748373728,41.27620809075461
-44.56582150241597,40.52423845994795,-22.140705761617248,34.430795722311686,40.37644508967287
-39.10119245572138,37.16247697949907,-24.994934465587924,19.344852017896503,37.14510192311171
-25.772569580201974,31.37456200625136,-23.1831439393365,4.986561781507203,31.561429491149326
-8.301214656714892,23.176305195538884,-17.065593185608133,-6.7526330691300185,23.229296945881032
9.123463026770313,13.219409926890645,-7.327507563941208,-13.881266452941851,13.433603404316479
21.693158926541923,2.4453565323778084,4.5346337753112635,-15.328859183016197,2.4690552775694172
26.141723035972316,-8.544042927359744,16.537773439622708,-10.59725029492495,-8.464835890883041
20.854693214780017,-18.712104211520515,26.11929149455456,-0.8866171425452989,-18.458060059555518
5.378120061012512,-27.186844142978284,31.378253315902768,12.313713294701836,-27.040084297610576
-17.873462627603804,-33.69514311867203,31.730196197268796,26.456229747736643,-33.559393453343745
-44.73998395137289,-38.219984699987506,26.089606463959303,39.39137597207633,-38.11022548763983
-70.93127559211693,-40.796687899964695,15.974839182294511,49.65846920993621,-40.532146811578336
-91.28027394086646,-40.965190189673955,2.7554453587026844,56.04471938460348,-40.87847347200135
-101.83602900175585,-39.76180326794154,-11.150269291396087,58.16272140629893,-39.514576451929614
-100.31843989765635,-37.04401349269563,-22.76360075439709,57.999459271174885,-37.04622093343385
-86.76987531538045,-33.39742125985348,-30.08219214970999,56.894936499908496,-33.23446098861517
-63.38772478992856,-29.0046297588593,-31.52123434292205,57.25114530594352,-28.984294431766372
-33.88665419656484,-23.90664948203788,-27.23620497379805,60.95921261080892,-23.711789650972182
-3.7228891322969138,-18.24392804881717,-17.448011062345188,68.864106112525,-18.47251098454236
22.374113036560594,-12.771623996432238,-4.386974160783231,81.11131871332636,-12.570143496287706
39.60128554192059,-7.341049016227829,9.116010407609402,95.76889693145215,-7.199378519828188
45.628763400420006,-2.423626187396368,21.015880026654212,110.65166552011418,-2.1145335680569053
39.71139775195079,2.0535419685030907,28.791863576226564,121.33682234619707,2.0507704352173977
24.126877087994995,5.271655326503253,30.528676888194525,125.5279346332042,5.201067001833336
2.327507405793206,7.368162166423788,26.260177370779914,119.85520409410158,7.347330968090677
-20.731914736919574,7.904029024000075,16.914898561785332,103.29626762138133,7.953093463981848
-39.767536541744406,7.091104941922343,3.430648328062269,75.85666812330747,7.133049011105108
-50.93353202816591,5.180390955988389,-10.805206896226837,40.19433861454318,5.032580727715624
-51.11412535780322,1.9461162503021945,-23.828337672250875,0.18673456422357396,2.0307823865467163
-40.45988926232036,-1.634026008196407,-34.01916913059885,-39.14991166028991,-1.824310230096976
-20.197100156084346,-6.028748625314748,-39.33549365653574,-72.73440201131223,-5.757674419737003
5.8681370879575026,-9.416080654440465,-40.38643498925982,-95.77277738425984,-9.159585062397166
33.19958778495706,-12.324113376886928,-37.50016529531266,-105.39969234032463,-12.195785805255365
56.87335843239322,-13.61690490373988,-32.02923779540303,-100.90584611378122,-13.703824129854539
-0.09790522451949592,-0.03689221728602093,0.10168979019281857,-0.136881762541849,-0.05458606447487363
0.07347803428260441,-0.041546337831859285,-0.012664735554410137,0.01774720424808667,-0.05211352512102588
-0.07104463063215398,-0.17185135085684244,-0.0709761893700007,0.12669455705594576,0.0023346997069657862
-0.10537375532409204,0.09198968156932436,-0.09662995131771823,0.10588919332734206,0.02887548430546069
0.13859791335460436,-0.14067408983757076,0.06494675342337769,0.13645114144041037,-0.02410735786700278
-0.1257214230298572,-0.12025089884351783,0.06238793847677211,-0.11018182524625611,0.0675453557763444
-0.143004917267235,-0.00027862767154950577,0.13577758286008312,0.021658151745489407,-0.2961255032971332
-0.24742467117069902,-0.05608616484487369,-0.015099328208418082,0.24599281825969213,0.18112376213403522
-0.14975820700717646,0.046193451056785795,-0.21498834879617884,-0.080474321443094,0.002875553491032653
0.07873488225293185,-0.07333371339195639,-0.07095675010751695,0.10233202128327817,-0.06276793364636518
-0.13173735270787598,0.18221080011477098,0.17604279926717165,-0.07135539469929472,-0.10800828722158265
-0.16029104815415934,-0.11125656294423365,-0.056953556719067114,0.23646584540556437,0.15102999920717033
-0.04973781687578743,-0.05963523074397873,0.12567811235807053,0.018008956333180153,-0.09833051676672216
-0.19004879004214018,0.12364621151540843,-0.10464538594333435,-0.054384408454674876,-0.0498882554737573
0.011747227594147786,0.06676677578831577,0.05841730644937664,-0.050246180976260636,0.018725849483968948
0.005777369481101173,-0.1147009092063067,0.016346915762316203,-0.13713584935634707,0.2136764982243069
-0.0016439461472088643,0.0024801501279353767,-0.059754620890884805,0.14528677983717042,-0.07472799211811364
0.0042373522574657395,0.008498698518229271,-0.0036909238791796497,-0.12587344873651338,0.026185662799264778
0.23102885333172868,0.06440178216044214,0.044223749943735284,0.10114108692456235,-0.03669036851620869
-0.02398556855673803,-0.023848286494758886,0.04487847612202157,-0.09040159384559861,-0.009645143545565948
-0.0005918082521877654,-0.03227129129671909,-0.046103814690691275,-0.10034716511648874,-0.02770743995585159
-0.012297645244743643,-0.07955932090031743,-0.04220305550128879,0.12731019315415787,0.12445496170090778
-0.10843039877735855,-0.001812832877943415,-0.12501236662484913,-0.11915863861284033,0.11185163001210914
-0.07196076407744803,-0.05090648241046464,-0.03422427039676734,0.16917486795941664,0.030142125107827433
0.012569797559528676,0.005218433040083609,-0.0434162848570016,-0.06567321591977486,-0.019379072091503233
0.003889119029649506,-0.08676115880585165,-0.12475956488266729,-0.1342880036165738,0.011159479951671502
0.05897013976305965,-0.000554867025208657,0.06831524793212021,0.13797772837591016,0.004232078823940655
0.0964318302840717,0.03414422897815799,-0.04762546686199503,-0.10479082981246271,0.00228468113204931
0.17345300308548375,0.040750920048575834,-0.02092018187462404,0.12874613187344283,0.011388946453374698
-0.07740022826435092,0.10671990453259679,-0.021038434732398647,-0.14368391884087428,-0.14956037311563364
-0.18277440999659234,-0.032748845320612785,0.1095467029027796,0.07166688028679816,0.19416590062764738
0.045593101395082596,0.04386732129312716,0.05867892427135984,-0.06845069921572432,-0.012382307942270514
46.39881650953689,-0.10878729365342354,-4.714904449938598,38.524621441354654,-23.14532361591438
61.30928443924119,-0.03433865025014215,-3.214183420421521,40.90067541003482,-18.67812353753748
78.91281971798115,-0.05461710504646462,0.735872136919091,43.157716207545626,-11.455975545592251
97.90289764345385,0.09916862057859423,6.303481185773691,45.29381670141265,-1.4444969032490262
116.58128735091454,0.03910226471831419,12.89459844187197,47.045959849356315,10.723091443249052
132.15501815760888,0.05731127182355135,19.498456924672738,48.94491648228127,24.485647548060943
141.70114514560382,0.10567910563117199,25.20807540482252,51.06882263563715,39.08927097525156
143.53000780996962,0.08539583382660501,29.665574487101924,53.961232317879904,53.69947640997977
135.71016119952958,0.04453211630835111,32.18765245465444,57.60676835672454,67.53344412858475
118.65424909078577,0.005187547690403315,32.10058519754331,61.68359208329277,79.31442023636752
93.38865054215991,0.10371073631369204,29.188542534625995,65.46562975477177,88.15607139749568
62.37023304533186,-0.05899451781827663,23.19011720570649,68.32968458827037,92.91598737181974
29.76517586240495,0.10460326746203569,14.8534985951322,68.7440274586595,93.07677978741684
-0.595135262188581,0.036985953773227484,4.813400605586871,65.68150745055485,88.14653209995541
-24.811661584982513,-6.648689180599876e-05,-5.752999207614674,58.89701446283103,78.3764677201668
-39.94212496082355,-0.09849716942269299,-15.1747419375017,48.02715258463839,64.02338598862256
-44.59494158908552,0.1932399009307304,-21.88624453435211,34.46945200145938,46.80199964125304
-39.11533373075071,-0.068936026138794,-24.995592490142048,19.259789385582508,27.31851242575593
-25.88099165310961,-0.06108839856865292,-23.117096741888083,5.0237854305517855,8.388596623232358
-8.293967226488153,-0.05453013105930069,-17.05534693301054,-6.6593764256666566,-9.498779002235212
9.08901049697209,0.044003702111529715,-7.376298525629004,-14.043036097843222,-24.297449026817684
21.68439188948711,-0.12048424953046602,4.597596191986462,-15.34248275682607,-34.82318147664399
26.226238393008224,0.02578714616249296,16.578962998039827,-10.673873377543508,-41.13238518440025
20.738090422273757,0.13290056258760613,26.10866364318437,-0.8845785812970699,-43.00352817483221
5.066225466596895,-0.05827362042103912,31.525817111757657,12.030131554781047,-41.51769656762682
-18.019047908041138,0.09297682119365515,31.61512993237801,26.560329315846097,-37.337684756953514
-44.91608465914777,-0.06568795527273662,26.171775476380574,39.4326992982765,-32.21773901561474
-71.27260492045235,0.07166796239979793,16.0011740917903,49.79428374595302,-26.51995677688515
-91.36155397085307,-0.05178959268362813,2.846180546377096,55.85586013379458,-21.988397989099976
-102.00032918244206,-0.02588064942305245,-10.838747992741617,58.2066141317778,-18.64294353248301
-100.22882384327066,-0.012935966246271233,-22.523963935530162,58.078323478665,-17.03210357748502
-86.83509071250846,0.03805962876847334,-30.19914584107605,57.09195283727415,-16.68523044132542
-63.27955890165795,-0.2667279895486499,-31.847077855996886,57.128523386871144,-17.641555652136454
-33.92252064613995,-0.16089702447490706,-27.237187211422413,60.814551450202195,-19.46611970441253
-3.6093962034779263,0.05974960846507357,-17.532624919783014,68.64230209874317,-21.042071698809114
22.384194080293106,-0.11177559450954087,-4.408988435249615,81.13241489636793,-22.790715259914936
39.42662390871115,0.13395452735755187,9.468128257023512,95.72069345271328,-24.24495486858202
45.39198176757871,-0.10266449034566567,21.13194316184318,110.2075488438351,-24.776175616965265
39.89195975167226,0.038955168375161164,28.66996010017963,121.57593984204267,-25.233040001696374
24.17221089717228,-0.009526749358875014,30.572425864366583,125.54580455197454,-24.57785035670122
2.2607998745338533,0.011692356404010135,26.209267313128834,119.75611111918217,-22.858752612138815
-20.594253327999656,-0.05715109495309012,16.627535912918503,103.2959977400612,-19.16334855787343
-39.75201822742677,0.054714613394216474,3.468971021676234,75.90110171840202,-13.927007920786915
-50.67028055064389,0.041883138869804215,-11.018741870209377,40.19708130680762,-6.440358859655582
-51.294462502182135,-0.09571135523172933,-24.01272776735712,0.2674830413085025,3.168200259636545
-40.168043306925995,0.06584057115632012,-33.87821992615799,-39.261392661620526,14.217512455620495
-20.099560304342518,0.05298492291628509,-39.490199927362646,-72.59994026355271,25.34812524106425
6.096372185618135,0.20428259213589306,-40.44842241652279,-95.72963358594909,34.93374176879654
33.2623246146388,-0.08616991930491835,-37.52514652635101,-105.48421135531305,41.607554751227944
56.73061525206121,-0.0842100716257586,-31.880686984125614,-100.81607725158415,43.10106881245471
0.09954840222056593,-0.11958755454426036,0.1460953664674642,0.0035136503659221998,-0.14930030537363628
0.02444410365907672,-0.059517053457201756,-0.029087707192883807,0.1474556072255767,-0.05584935902089936
-0.007058046989942964,-0.05459233825422018,-0.10287657879773751,-0.07740879764635693,0.04203514853665253
0.012556719400432778,-0.10116513225803006,-0.01790916580276892,0.0283459236876164,0.07980772948872815
-0.009352873406223728,0.08182812441187048,0.003510309204063121,0.0172221260368965,0.04850688205075818
-0.06485054828313815,-0.2507793286909746,-0.008542604585021032,-0.06379439974711316,0.024748749204963245
0.012011597411524773,-0.08483559937958754,0.040012864984130043,-0.18187380286565902,-0.1815005326775321
0.0537281961382404,0.09498266487013322,-0.013310304334176288,0.0950183724229452,0.15254338541937482
0.0048526105857573274,-0.01597736686075793,0.1048496131082697,-0.2135019385829809,0.0168147564480874
-0.018014407784334663,0.15495025533504192,0.001990496453939994,-0.017788070238545072,-0.03589981461062214
-0.034527893591955,0.19845081068847426,-0.14420952568393006,-0.20213351401179902,0.06072933869936037
-0.08791310550405089,-0.07215754183622068,-0.05717253017154847,0.07605041097298151,0.031497526372532524
0.021869699532642724,0.04093968365538519,-0.1945412053527008,0.011130987581061125,-0.09732647807555939
-0.013185595518746013,-0.18292130083429584,0.004864737339253576,-0.0006244190979120692,0.11735728242047833
-0.11715258363347594,0.07732302323388077,0.01299145375680087,0.20323819473565652,-0.1296112552120869
0.14247206545456517,-0.1201369336163354,0.2022322613821741,0.02045504947529424,-0.06263963286158593
-0.044505390984431646,0.15863381526197248,-0.08097671149542915,-0.00264814360399835,-0.02559114151380745
-0.16711425703676142,-0.04060794687391309,-0.08990572208306097,-0.09427081068464184,-0.010609796050377013
0.04845898819419569,0.0542598348479914,-0.02565837336150703,0.20822928509133842,0.13379929310164682
0.08110427167888791,0.1653099576485465,-0.007566127527717232,-0.08176993061835947,-0.2431243022789277
0.050674921964369506,0.16095554176037444,-0.03337855118302937,-0.06543861902611706,0.07904410961975439
46.66057346796011,-23.30708001359632,-4.584659488107543,38.38904828712558,-0.00553725822153218
61.30941843140604,-20.94252970991571,-3.151573739108695,40.88666990864081,-0.0343609061377785
78.8630599520662,-18.249414940350327,0.7027917886208872,43.33415167063878,0.026779912798422817
98.1134373618891,-14.861196898140225,6.475308976798571,45.37741378614843,-0.09367915485151357
116.50922631461792,-11.446250128932963,12.924676839043357,46.99499052168113,0.07826794326494357
132.0832197957689,-8.217466849049938,19.337518612801382,48.80780993376018,0.17091734182613552
141.8389723149467,-5.893723634796676,25.261000001799324,51.016452831749355,0.1827933470302344
143.6259766111526,-4.177604485213657,29.96366226265904,53.85536754725935,-0.02074988400587555
135.87307260502692,-3.2244262304940237,32.34235761582497,57.5556770932259,0.006131481407088779
118.58079700353412,-2.9608424582556907,32.04831290134337,61.731219574055174,-0.08424366483571269
93.37169340110464,-3.093365463415111,29.007164108472928,65.56357866979891,0.18231174714910584
62.55289752293469,-2.716152157804643,23.252806406818006,68.2880369563265,-0.08188788925577704
29.829248255957065,-2.6114901286283376,14.742858885036213,68.5962568118053,0.08000212235897552
-0.8026020640187626,-1.5574939844341216,4.708923331551748,65.79329830649033,0.044328743031741905
-24.92397006235427,-0.06376751712751023,-5.902215255606706,58.92347843533436,0.14435786043887913
-40.13869853603396,1.3647779275336742,-15.219924500920706,48.11063396112673,-0.019866655374883167
-44.527017335845805,2.4338793932106877,-22.078284322861393,34.510599919753474,-0.08667766930144058
-39.04980671669982,1.9045176740192038,-24.81855348283915,19.195785151169694,-0.0571774959177358
-25.787663996121047,-0.465850454337025,-23.19066632392139,4.857050291272273,-0.0920726386724999
-8.15080205185185,-5.575846609998243,-17.040036796364973,-6.940498056315273,0.05512265482029338
9.167313709719433,-13.339320476803485,-7.355026969299417,-13.912046218310344,0.0050508293130789375
21.723088099528333,-23.021903979377413,4.4339949801725576,-15.18593713038892,0.059780343651566314
26.28181638311453,-33.920002080101234,16.375729850986406,-10.79823608005678,-0.10539639379177193
20.67211725293954,-43.83707405203574,26.110692851392635,-0.9935159387118501,-0.006151700685234985
5.224522216836885,-51.83762708659598,31.495080309294543,12.22414509852925,-0.0511862492169434
-17.92698537848488,-55.41518605612995,31.7842656665723,26.49921247928724,0.12218647404720127
-44.89545908190736,-53.808139471662685,26.10683765061423,39.63552852223661,-0.23297983434054192
-70.94179100918392,-46.64783767893231,15.920881015685937,49.73588030427934,-0.017965023642627944
-91.20095203625405,-34.06698904132461,2.7129872020945025,55.802822884035734,-0.05356793506078589
-101.73559523169101,-18.072811905328468,-10.9844099632884,58.22877485947412,-0.06564042934556238
-100.26452959414944,-0.929246525866095,-22.481145638959124,58.13415897430333,0.04610116855800425
-86.70061429142383,14.87348057218855,-29.96203584287549,57.074485899180104,0.03664051205408964
-63.320145545479924,25.92351158054378,-31.63805622150595,57.093100324652674,0.04170587043132813
-34.13320213158281,30.291525674605722,-27.15571964524383,60.83654187751215,-0.0916902762317537
-3.680406259765072,27.293539971777726,-17.515297770807308,68.96734140131464,-0.08875627759559718
22.393142388937736,16.95801899846979,-4.480962825130621,81.07418485899022,-0.015551890161009545
39.61473872613575,0.7424206560430959,9.364462911713291,95.86569906569312,-0.1212387279485222
45.565673004526865,-17.959149447457175,21.384997201482463,110.47177503529402,0.021757871685194073
39.81955453965815,-36.37701919224963,28.92316627186268,121.42279329709255,-0.07876119302008983
24.097661836455202,-51.15700732197991,30.613177461895578,125.62550838847405,0.02980154976054046
2.3200990601171347,-59.458491447413486,26.304555358360002,119.85183731428262,-0.18834307054583233
-20.514371241108385,-59.893118147753746,16.67187647501004,103.140844581143,0.10300446285646853
-39.90513248722871,-52.896535483740074,3.498892157471176,75.75283847848584,-0.16320107683627166
-50.882049928224575,-39.56041957822947,-10.905999028519615,40.1053199184047,0.005881648968003554
-51.247130474223084,-23.32724893161169,-23.85580242660523,0.1446536399132608,-0.04859516338131546
-40.446623597866925,-7.487236409649066,-34.046578746161764,-38.971771836764326,-0.13328189402644522
-20.362756277152428,4.108546774235473,-39.35996270952849,-72.6423137241026,-0.06343623721782922
6.112085810428619,9.418260611187009,-40.2517827169157,-95.65644716768224,0.03784823389202119
33.26301880787726,6.51492561852452,-37.45971230783216,-105.35580384313958,0.08881600416375315
56.8987971235473,-4.113325801253465,-31.80442966268022,-100.74076080223412,0.05304783265430532
0.2199666655944273,-0.030477639007972835,-0.08703005050781407,0.00802204930617126,0.016187592554660915
-0.03109010685534741,0.1693922644708219,0.013216411452447422,-0.01548914752499246,0.017558029776210956
0.10373529164255324,-0.20772264886245992,-0.14014185349039743,0.08834381492443177,0.027931606973710887
-0.11285222846532002,-0.12188295127347429,-0.1475993677628537,-0.08022269202551906,-0.04113479948202288
-0.04971759354021058,0.01400704954803901,0.08269632631730373,0.06181228485795326,-0.08040073549563571
0.11420327434378826,0.0970044630153237,-0.02018915644190815,0.0231912081907059,0.09613385254366441
0.026839571747780656,0.048021632845819645,0.0454296490267701,0.0010150836049190154,0.20836008386716293
-0.036840292819894614,0.2112950975727086,0.13231816694514165,-0.11753285953040714,0.07934482394468226
0.019161374084035836,0.043885332846386405,-0.1199796322716868,-0.007018002165873594,-0.07187747425670686
0.1405346588972316,-0.07727520388335556,0.013511588197662211,-0.010476243151681172,0.12987308278784732
-0.04009711829504786,-0.22191441858814867,-0.027102846621005646,0.1874625716907824,-0.14017831841709344
0.08823637557943628,-0.21689874707328494,0.09270340434959395,-0.11328733455434992,0.11756269810992095
0.05835547097934094,0.06953776542083166,0.027063392422314994,-0.17297772821329505,-0.1507711511769295
-0.036036109767212145,0.10607967445658895,0.10209059674703845,0.013314176194415795,0.08147003560779068
-0.04163376536903331,0.19631304217705595,-0.1625874905937523,-0.013159021035184088,-0.010064441879678098
0.06232811974002011,-0.042052411589509765,0.02162809998010158,-0.13191715688235495,-0.13840925899981768
-0.17512597818532694,-0.1112849661635365,-0.07143470778003344,-0.15985036298356117,-0.04506644655830567
0.10785471507381446,0.08948717417953717,0.0017382864308217662,0.06437801383926764,-0.10105550705453459
0.05707796154285183,0.13586366507340572,0.08363847981565518,0.032258675931411504,-0.19412675817323247
-0.0818542836576641,-0.0693492748545368,0.03837089129573355,0.17934535132230492,0.06657076412517376
-0.007983680976188148,0.2604762957353327,0.13821851002934293,0.06194615826556974,-0.04683075945251798
0.0789046094852544,0.08801155023108898,0.04492561773774634,0.05031692985782841,0.044948026731706024
0.00575247674097341,0.09502319138377244,-0.04291019453721049,0.020962629253912558,0.0669192384953322
-0.0031859747231940184,-0.03203101253128723,-0.04856277519870249,-0.08381534345640418,0.10467013029139452
-0.011943024088193768,-0.1741029286433682,-0.09491672165860772,0.2884566403670519,-0.072659548935797
0.002388261603718303,-0.10733611602285292,-0.12481013653166367,-0.020094607116493062,-0.0394028054939571
-0.019642263848198425,-0.10557582564740203,-0.06342505401665119,0.0669735147735429,-0.03486745333409444
-0.03026463711455433,-0.0021405385891176847,-0.06065771231231612,0.025187212986009705,-0.01103479526318877
0.15700059379637077,0.05915630164801977,-0.03519613603795691,-0.158349495107875,-0.03778264995301448
-0.032436335016166405,0.015698320715989252,0.0016801561796281885,0.17076903371282015,0.07203167670524453
-0.10714839112137392,-0.004270483983117131,-0.06724372891841485,0.21015015887692973,0.07542711428143996
0.12816241729395703,-0.07982593670901555,-0.048818291334418715,-0.020158013153213014,0.02793111120100163
-0.15395915426226445,0.024184040595829542,0.09185231829518425,-0.00013541159942519077,0.16073319030695407
0.21713515409576245,-0.028520444508456023,0.11519865442072329,-0.11918286031354036,-0.06730898148086192
0.010370929933394904,-0.0018647674222528313,-0.02663454929293015,-0.032209375077151735,0.08319109275981934
0.18685826052017906,-0.02749687470989476,-0.019995309675897167,0.0118468209578963,-0.02533459968474454
-0.2152388019900275,-0.10011553723071394,0.08249623052898167,-0.06191984588164693,-0.06871212895255595
-0.019643919673544594,-0.1156610476488299,0.013875534939158753,-0.05119112558762419,-0.19835663325220337
-0.08799515704835342,-0.07764792848201012,-0.08622452127199909,0.073038539434088,0.011265457375686419
0.14723873416346883,-0.0519548718407211,0.03528936379545646,-0.009212461523351362,-0.004128179695019292
0.11043123578136751,-0.12741141847282175,-0.018657564365398824,-0.14445169245741424,-0.12586456218512207
-0.1834246021842886,-0.022111208437905747,0.018753041926651046,-0.2115054296626295,0.04171587016064994
0.048198259095585616,0.046115441348578666,-0.10581068850342133,0.06235870592322268,-0.12464883314030535
-0.03570063079235731,-0.013819899512906783,0.14545397341573546,0.0552186391498764,-0.022165042943660673
33.96477825361232,3.291532634076495,-51.10984128577946,-0.034075202352264224,-49.24990687138829
21.083199979439076,3.0490518966237197,-50.43929441533267,-0.021525418086827813,-32.50901361129786
10.649575239775482,4.773070244577121,-49.03954040476136,-0.004860537834270932,-11.372109149161792
4.720805022068433,9.662231983197305,-45.00437475422303,-0.06528742209805087,10.642974409641077
4.193479775552408,17.491238479091752,-37.0729411418142,-0.20418636582916885,32.16045504562703
9.107951378521925,27.773012304033994,-24.300266130064493,0.09254506467974428,51.33456781437054
18.515580309441635,39.63055573259443,-8.729449361136346,-0.06727753988733141,66.70206770906339
30.240428387444457,51.17566846932252,8.58710056353694,-0.0005346387878435079,78.08485279833202
42.26396402317534,61.01966909087458,24.23942485529833,-0.11217953796546443,85.42088499944525
52.49307661466611,67.20362587862618,34.83270372791635,-0.09078294092038475,88.80845822964393
59.421199324251035,68.71880886961009,38.098568636008146,0.2669386658082815,88.32783910704157
62.6250885581048,65.32464588505384,31.76561175969361,-0.08269048922787192,84.6718058837169
62.138743712840046,57.31747183585616,16.966547593836104,0.003950136100750104,78.28504532835134
60.08558034450656,46.05684374590119,-5.24837046312457,-0.07996486477616602,69.87616773799367
58.3976065912694,33.36756172123654,-31.13764572387904,-0.19980648636879172,60.3145537635612
59.376455057189354,21.561968304145747,-56.54279152812751,0.11505025348693997,50.10125013611356
64.83664600234015,12.661094159760433,-77.5248379285103,-0.020966466365461088,40.68194909486597
75.45521189511778,7.973278031378804,-89.77206436548995,-0.05558270885430851,33.054190911224566
90.65562892971676,7.848095687737288,-91.83508850930686,-0.014365277948792969,27.53401962188901
108.92116873328959,12.372235914338313,-83.1083065017553,-0.09035665896462462,25.011496153059618
126.99175096203543,19.62567161542372,-65.13419853396603,0.10395808817926665,25.41699610542021
142.02654395650075,28.0805499382732,-41.41332954482269,-0.012223260164648718,27.91103725147888
150.4105502630951,35.099107342572054,-16.038863360286488,0.06295805021404012,31.940552712393902
149.6210120371954,39.70268037903587,7.376680219555159,-0.0640724748459554,35.532240894999184
138.98398748595224,39.32082342580897,25.17869518593439,-0.13622241392879209,37.17016072267092
119.13445815632339,34.98209825159961,34.9300469648315,0.0015538016531260594,35.37403252918692
91.79243937091923,26.492577917652255,36.91247494983198,0.11917913720397416,29.275015974173417
60.47450361769752,16.036724657979736,31.884017410917085,0.07981127239323905,17.840067093199465
29.1255475604503,5.1473028241889835,22.54308893695479,0.06621281640619346,2.5132740642860925
1.6271748779123505,-3.515665129580197,12.29005112705052,0.13696843249275525,-15.60127737703809
-19.395656801407327,-8.401726838321304,3.5589498664695287,0.12858722171278153,-34.20527454052356
-32.40386816176828,-7.983446254794874,-1.3975970991834228,0.04855023267804406,-51.03094211734516
-37.1663878404675,-2.9032329660751297,-1.586409645620652,0.045272182132996226,-62.95955930587261
-35.010454502015605,6.2632840732400386,2.5793586027400806,-0.14237016856861837,-68.58529010571586
-28.616039686939306,17.774054825284363,9.781248995501977,0.12245593059497246,-66.4305211314565
-20.752252875118437,28.82629151610397,17.841998483022724,0.09576096017322039,-57.30053152275223
-13.917470396588184,37.54913626479106,24.99901089884267,0.058816651203719574,-41.923269584321474
-9.514058928875732,41.28957209088465,28.879071075418963,-0.11785275583768613,-23.284783753316884
-8.736267785468385,38.91011869373631,29.702756486247,-0.12054856063563915,-3.945463063212885
-10.436966201748474,30.735881200708217,27.821976738104258,0.18544378857446941,12.222418725433274
-13.217564737013928,16.81138690984732,24.033617248936327,-0.031109941974780786,23.240660268675832
-15.469406573175174,-0.3787869075514324,20.824111834631204,0.010929735182405635,27.603126585377886
-15.138507530630456,-18.825240951590764,20.080684308567847,0.017331251388030305,24.797701689710202
-11.002854342418278,-36.62418095467525,22.909248180525918,0.009320771101296529,16.150647888206894
-2.41577998043891,-50.66669414502542,29.98562421829702,0.19692477212931078,4.111660187673056
8.885519712586039,-59.90427802900365,40.43459544453503,0.02024214822105475,-7.691312662095626
21.427809268881585,-63.57161963344884,52.81794936671626,0.07851349003143412,-16.391544082745583
32.60783278758511,-62.115411128951244,64.23540295861545,-0.08553546135288508,-18.848981102994777
40.0949395524775,-56.11312113396455,72.78526885578589,-0.08517311276839078,-13.073844459809088
42.298838658371004,-47.263897592949945,75.38592614831872,-0.012334331515961356,0.4672719338713159
0.11832424641264334,0.16298227286765,-0.04234251451318802,0.11495454811932522,0.13040845600589207
0.13224034966349335,-0.030552153908280606,0.20019310535857904,0.05025638612776467,-0.05680542371790057
-0.06975279656220973,0.002284908903432414,0.07679716728326141,0.06853583946499799,0.1393274755039474
0.0050773765446656,0.10299114315279186,-0.09033326597620128,0.09082864231471031,-0.15867692416869827
0.14316942473336328,-0.039169048396300955,0.031590893210583004,-0.03413604885891182,-0.03499138699879242
-0.020018846980835375,0.015715775735230388,-0.0341135131637864,0.021720409369555237,-0.19381412481935642
0.06772998548742055,-0.053736618193624255,0.05615858982554627,0.14721122255779304,0.027946366681863472
-0.060737161121582874,0.05439346488955421,0.02591711861183419,-0.01276397234826833,-0.12368349095383034
-0.0635175544184182,-0.14310754533703826,-0.04939704422053503,0.08940682825993443,-0.09520714775975321
-0.024957828122306423,-0.03193916096093156,0.023007346148901014,0.12634281090018792,-0.06221463383236902
0.0349642125105937,-0.002862770434969029,-0.008866130917616186,-0.05885811144723138,-0.10477658146212872
0.031343511095593836,0.1398385055403126,-0.0506324721765653,-0.08139474306570028,0.003273839329767079
-0.1612378669033635,0.02116627377894228,0.011604686338147548,0.08636445866445061,0.07698989141363587
-0.22378493808261687,-0.11836085247898216,-0.0677171715629422,0.04225758930906713,0.1101479329999904
-0.24741467488177094,-0.15669837773044082,0.18283256392019387,0.08009785802692782,0.05004495103037418
0.1506995899996558,0.006056843994191111,-0.147213031196209,-0.009664549941544405,-0.04901662254388661
-0.027330671418633615,-0.06323879283504505,-0.19206246647318578,0.06780042118952398,0.10548737941247502
-0.12817321940005358,-0.0008858650140300544,-0.029507005088380268,0.07531167954739176,-0.052086624355580806
0.1648262026119377,0.06397292068443887,-0.03779902223102478,0.004130586743322086,-0.18844986356049465
0.030750829599722973,0.117200968233243,-0.010644677763612088,0.18579714093347335,-0.004591869472466286
0.015354403004798553,0.22725664133419068,0.03907752289434966,0.06674530256102602,-0.053429425592704485
0.014813203583792548,-0.02751908035257359,-0.06578967578511205,-0.0578646743843958,0.0376228353310925
0.07180158059661494,-0.07866490757005212,0.07589537811701641,-0.21164758122472782,0.07240004616001744
-0.2938813199267855,-0.021661664698903814,0.058409763850945956,0.06099253283619314,-0.05496631387227681
0.08500990855692415,0.17276308182328495,-0.0029311730478853992,0.19689978124717783,0.13008498277767547
-0.06398538613906246,0.041416833318433655,0.03931179828172782,0.17139800667521515,0.1823061658858994
-0.04663040505039707,0.01364531878082427,0.024874504237722403,-0.005021978015941596,-0.15265987955814106
0.027749739747361165,-0.2496131373263106,-0.1297376365673502,0.1711751176701374,0.09377938959740974
-0.09624842236406511,0.20804925269967672,0.04665193051870323,0.11388283569218904,0.15677287629552894
-0.20205097244128686,-0.0007422475662780732,0.13784523603612242,-0.04103097402746251,-0.05411319141269725
-0.0247780433109337,0.19595774511087816,-0.18375340562367448,0.07353244411781745,-0.051470155730119496
-0.04696034498521252,-0.09629397270358271,-0.20436643427842102,0.002210342150639726,-0.18055346289851482
0.0006251566802884867,-0.03937398688708685,0.10879974011468539,-0.12777471438106858,-0.036036665042252454
0.21341531270165803,0.2719595257348966,0.015420589790415697,-0.08831654071928491,-0.10675661882067196
-0.025814820978535654,-0.04266993603753414,0.16599314631563722,-0.0003356870985741394,-0.09189880984332476
0.14058506504162513,-0.06136275450248398,0.036877161585486505,-0.08275644174213044,0.01844551093143
0.021430638186095797,0.015176503841198214,0.011172346161402929,0.1022692597210358,-0.130770389625485
0.13594136182075187,-0.10516598377315019,-0.06783424059595905,-0.10072237433032255,-0.10414302506079205
-0.01798053715254362,-0.11190419020558173,0.02114053277588804,-0.039519814227033434,0.03712283026698214
0.005315994920083202,-0.09622269781873445,-0.08531771738715727,-0.022572885140433933,0.032677886238981296
0.06893973440217474,-0.03083690835350561,0.00036293836089155784,-0.07125201110396322,0.0477078104577725
-0.07700636080950285,-0.01121059556458207,0.17210465123162136,-0.06579322936964,0.03325144277245622
-0.014409254482210303,0.04646072643746415,-0.014292866324556484,0.06318142383399467,-0.05987489489197739
-0.16070292400194497,-0.05019823006102153,-0.05319749369900339,0.024629740814689695,-0.03543629706456477
-0.011054758472171397,-0.140915626360471,0.08484887399515818,-0.05431296370915054,0.029515500816788855
0.07141272306422984,-0.045908948956453366,0.09782227926115741,0.1338644881577064,-0.006105158928895349
0.07623609028369213,-0.27245112830017465,0.13426247932086688,-0.07476255869818653,-0.0697918743002311
-0.05792664978045722,0.06682772453635363,0.03829824606281716,-0.09149524235886473,0.09572923789199358
0.05114796560562898,-0.24958224118224592,-0.06360774778783916,0.17523536826636507,-0.037897791623718625
0.014037001724750912,-0.01573277016205159,-0.026822995122401622,-0.008834971323399643,-0.16383769240779
